Point ID,LiftF_0,LiftF_1,LiftF_2,LiftF_Magnitude,Points_0,Points_1,Points_2,Points_Magnitude,u,v,U_2,U_Magnitude,arc_length,phi,gammadot,p,vtkValidPointMask
0,2.76871e-06,-0.26192,0,0.26192,0.0049,-3.145e-05,1e-05,0.00490011,3.35264e-05,-1.71517e-07,0,3.35268e-05,0,-2.72378e-06,690.297,0.318311,1
1,1.55373e-07,-0.0147013,0,0.0147013,0.0049,-2.975e-05,1e-05,0.0049001,0.00117308,-5.96746e-06,0,0.0011731,1.7e-06,8.90012e-06,652.15,0.318339,1
2,-6.88601e-13,-1.03877e-10,-7.04952e-27,1.0388e-10,0.0049,-2.805e-05,1e-05,0.00490009,0.00224642,-1.59626e-06,-2.2632e-20,0.00224642,3.4e-06,-8.37451e-06,614.374,0.318336,1
3,5.68276e-13,3.84457e-10,-9.55543e-27,3.84457e-10,0.0049,-2.635e-05,1e-05,0.00490008,0.0032562,-5.16014e-07,-2.03831e-20,0.0032562,5.1e-06,9.85276e-06,576.774,0.318332,1
4,1.18832e-10,2.5637e-10,4.92243e-27,2.82572e-10,0.0049,-2.465e-05,1e-05,0.00490007,0.0042028,-7.89429e-07,1.05377e-20,0.0042028,6.8e-06,-6.95926e-06,539.257,0.318331,1
5,-1.9863e-09,4.70528e-09,8.91954e-27,5.10735e-09,0.0049,-2.295e-05,1e-05,0.00490006,0.00508633,-1.29139e-06,2.17761e-20,0.00508633,8.5e-06,3.90302e-05,501.176,0.31833,1
6,-6.73045e-08,1.83209e-07,4.20556e-24,1.9518e-07,0.0049,-2.125e-05,1e-05,0.00490006,0.00590494,-1.7636e-06,-1.65745e-21,0.00590494,1.02e-05,0.00181099,458.444,0.31833,1
7,-3.62033e-07,1.10867e-06,1.55723e-23,1.16629e-06,0.0049,-1.955e-05,1e-05,0.00490005,0.00664544,-2.37798e-06,-2.71202e-20,0.00664544,1.19e-05,0.0153935,403.44,0.318329,1
8,-8.29491e-07,2.63418e-06,2.84096e-23,2.76169e-06,0.0049,-1.785e-05,1e-05,0.00490004,0.00727972,-3.19777e-06,-3.23954e-20,0.00727972,1.36e-05,0.0536822,333.737,0.318326,1
9,-1.05694e-06,3.58621e-06,2.93423e-23,3.73872e-06,0.0049,-1.615e-05,1e-05,0.00490004,0.007784,-3.8704e-06,-2.10539e-20,0.007784,1.53e-05,0.112496,259.189,0.318321,1
10,-7.17928e-07,3.28012e-06,9.22002e-24,3.35776e-06,0.0049,-1.445e-05,1e-05,0.00490003,0.0081644,-4.05067e-06,-5.10862e-22,0.0081644,1.7e-05,0.167482,195.428,0.318315,1
11,-2.38621e-07,2.47937e-06,-1.00066e-23,2.49082e-06,0.0049,-1.275e-05,1e-05,0.00490003,0.00845235,-3.95823e-06,2.1565e-20,0.00845235,1.87e-05,0.206527,148.303,0.31831,1
12,-8.13055e-08,1.69735e-06,-6.81568e-24,1.6993e-06,0.0049,-1.105e-05,1e-05,0.00490002,0.00867304,-3.73273e-06,1.974e-20,0.00867304,2.04e-05,0.240415,112.742,0.318306,1
13,-2.41362e-08,1.10735e-06,-6.68862e-24,1.10761e-06,0.0049,-9.35e-06,1e-05,0.00490002,0.00883889,-3.24199e-06,2.54129e-20,0.00883889,2.21e-05,0.270378,84.438,0.318303,1
14,-4.87842e-09,6.9531e-07,-3.86778e-24,6.95327e-07,0.0049,-7.65e-06,1e-05,0.00490002,0.0089593,-2.94157e-06,2.07058e-20,0.0089593,2.38e-05,0.298293,61.8305,0.318303,1
15,6.59291e-10,4.22094e-07,-5.6077e-25,4.22094e-07,0.0049,-5.95e-06,1e-05,0.00490001,0.00904588,-2.49279e-06,5.3477e-21,0.00904588,2.55e-05,0.318579,43.6901,0.318304,1
16,1.05564e-09,2.409e-07,-2.40738e-25,2.40903e-07,0.0049,-4.25e-06,1e-05,0.00490001,0.00910529,-2.3435e-06,7.20678e-21,0.00910529,2.72e-05,0.335646,28.4775,0.318303,1
17,6.4105e-10,1.14877e-07,-3.05318e-25,1.14879e-07,0.0049,-2.55e-06,1e-05,0.00490001,0.00914053,-2.92188e-06,6.85219e-21,0.00914053,2.89e-05,0.370817,15.8876,0.318299,1
18,3.61343e-10,3.19547e-08,-4.95741e-26,3.19567e-08,0.0049,-8.5e-07,1e-05,0.00490001,0.00915608,-1.35881e-06,-1.41403e-21,0.00915608,3.06e-05,0.406362,8.19268,0.318315,1
19,3.71726e-10,-3.39838e-08,5.20102e-26,3.39858e-08,0.0049,8.5e-07,1e-05,0.00490001,0.00915608,1.59225e-06,-5.1118e-21,0.00915608,3.23e-05,0.402492,8.2526,0.318314,1
20,6.60253e-10,-1.18128e-07,-3.84502e-25,1.1813e-07,0.0049,2.55e-06,1e-05,0.00490001,0.00914029,2.83136e-06,3.40899e-21,0.00914029,3.4e-05,0.364855,15.9679,0.3183,1
21,1.07332e-09,-2.41429e-07,-9.45938e-25,2.41432e-07,0.0049,4.25e-06,1e-05,0.00490001,0.0091047,2.23641e-06,1.37095e-20,0.0091047,3.57e-05,0.333585,28.4583,0.318304,1
22,4.61338e-10,-4.20746e-07,-6.96843e-25,4.20746e-07,0.0049,5.95e-06,1e-05,0.00490001,0.00904543,2.42941e-06,1.07515e-20,0.00904543,3.74e-05,0.319372,43.5076,0.318304,1
23,-5.57897e-09,-6.96791e-07,-4.53377e-25,6.96813e-07,0.0049,7.65e-06,1e-05,0.00490002,0.00895912,2.87152e-06,3.08464e-21,0.00895912,3.91e-05,0.297758,61.6958,0.318303,1
24,-2.59797e-08,-1.11038e-06,-3.31254e-24,1.11068e-06,0.0049,9.35e-06,1e-05,0.00490002,0.00883865,3.15893e-06,1.21401e-20,0.00883865,4.08e-05,0.26972,84.4258,0.318303,1
25,-8.1583e-08,-1.69361e-06,-3.11721e-24,1.69557e-06,0.0049,1.105e-05,1e-05,0.00490002,0.00867482,3.67054e-06,9.82211e-21,0.00867482,4.25e-05,0.23992,112.573,0.318306,1
26,-2.3927e-07,-2.4808e-06,-2.00272e-25,2.49231e-06,0.0049,1.275e-05,1e-05,0.00490003,0.00845403,3.91616e-06,6.90804e-22,0.00845403,4.42e-05,0.205531,148.456,0.31831,1
27,-7.14905e-07,-3.28709e-06,2.4582e-23,3.36393e-06,0.0049,1.445e-05,1e-05,0.00490003,0.00816506,4.01738e-06,-8.77496e-21,0.00816506,4.59e-05,0.165409,196.319,0.318315,1
28,-1.03021e-06,-3.54628e-06,3.03436e-23,3.69289e-06,0.0049,1.615e-05,1e-05,0.00490004,0.00778195,3.81591e-06,-1.61547e-20,0.00778195,4.76e-05,0.109188,260.86,0.318321,1
29,-7.83573e-07,-2.53164e-06,1.39585e-23,2.65013e-06,0.0049,1.785e-05,1e-05,0.00490004,0.00727386,3.11985e-06,-2.23965e-20,0.00727386,4.93e-05,0.0508256,335.348,0.318326,1
30,-3.30274e-07,-1.02725e-06,2.97162e-24,1.07904e-06,0.0049,1.955e-05,1e-05,0.00490005,0.00663709,2.30957e-06,-2.36543e-20,0.00663709,5.1e-05,0.0141878,404.065,0.318329,1
31,-5.82234e-08,-1.60893e-07,1.98558e-25,1.71104e-07,0.0049,2.125e-05,1e-05,0.00490006,0.00589642,1.71129e-06,-1.77195e-20,0.00589642,5.27e-05,0.00159252,458.094,0.31833,1
32,-1.31145e-09,-3.62752e-09,1.81502e-27,3.85731e-09,0.0049,2.295e-05,1e-05,0.00490006,0.0050789,1.24245e-06,-2.46734e-20,0.0050789,5.44e-05,2.87749e-05,500.403,0.31833,1
33,7.52315e-11,-2.32291e-10,4.92571e-27,2.4417e-10,0.0049,2.465e-05,1e-05,0.00490007,0.00419675,7.46458e-07,-3.90003e-20,0.00419675,5.61e-05,-3.42124e-06,538.401,0.318331,1
34,4.54865e-13,-3.12704e-10,5.05994e-27,3.12704e-10,0.0049,2.635e-05,1e-05,0.00490008,0.0032516,4.91075e-07,-2.29401e-20,0.0032516,5.78e-05,5.80565e-06,575.908,0.318332,1
35,-4.9582e-13,1.74554e-10,-2.50306e-27,1.74555e-10,0.0049,2.805e-05,1e-05,0.00490009,0.0022433,1.60822e-06,2.4741e-20,0.0022433,5.95e-05,-4.72764e-06,613.501,0.318336,1
36,-8.99975e-08,0.00858285,1.50715e-21,0.00858285,0.0049,2.975e-05,1e-05,0.0049001,0.00117149,5.96009e-06,4.44492e-20,0.0011715,6.12e-05,4.76915e-06,651.272,0.318339,1
37,-1.54224e-06,0.147033,2.79486e-20,0.147033,0.0049,3.145e-05,1e-05,0.00490011,3.34808e-05,1.71295e-07,1.37327e-21,3.34812e-05,6.29e-05,-1.53763e-06,689.409,0.318311,1
